LISTING_ID,SCRAPE_ID,SCRAPED_DATE,HOST_ID,HOST_NAME,HOST_SINCE,HOST_IS_SUPERHOST,HOST_NEIGHBOURHOOD,LISTING_NEIGHBOURHOOD,PROPERTY_TYPE,ROOM_TYPE,ACCOMMODATES,PRICE,HAS_AVAILABILITY,AVAILABILITY_30,NUMBER_OF_REVIEWS,REVIEW_SCORES_RATING,REVIEW_SCORES_ACCURACY,REVIEW_SCORES_CLEANLINESS,REVIEW_SCORES_CHECKIN,REVIEW_SCORES_COMMUNICATION,REVIEW_SCORES_VALUE
1046389,20201200000000,2020-12-15,5760128,Sophie,3/4/2013,f,North Bondi,Waverley,Entire apartment,Entire home/apt,4,150,t,0,1,,,,,,
1253351,20201200000000,2020-12-16,4424088,Sophie,17/12/2012,t,Potts Point,Sydney,Entire apartment,Entire home/apt,3,115,t,10,402,97,,,,,
1763341,20201200000000,2020-12-15,9268864,Jessica,6/10/2013,f,Clovelly,Randwick,Entire house,Entire home/apt,8,386,t,0,9,96,10,10,10,10,9
2846817,20201200000000,2020-12-16,2351917,James,12/5/2012,t,Erskineville,Sydney,Entire house,Entire home/apt,4,88,t,0,55,97,10,9,10,10,10
2950400,20201200000000,2020-12-16,15061497,Wayne,3/5/2014,t,Mosman,Mosman,Entire apartment,Entire home/apt,2,98,t,12,37,97,10,10,10,10,9
4646939,20201200000000,2020-12-16,22558368,David And Anna,15/10/2014,t,Paddington,Woollahra,Entire apartment,Entire home/apt,4,385,t,0,86,99,10,10,10,10,10
4651942,20201200000000,2020-12-15,24081004,Blair,23/11/2014,f,Manly,Northern Beaches,Entire apartment,Entire home/apt,2,199,t,0,1,100,10,10,10,10,10
4711716,20201200000000,2020-12-15,6362107,Katinka,13/5/2013,f,Newtown,Sydney,Entire house,Entire home/apt,4,99,t,0,40,92,10,9,10,9,9
4788447,20201200000000,2020-12-15,16353572,Gabriel,3/6/2014,f,Tamarama,Waverley,Private room in apartment,Private room,1,70,t,0,2,80,6,8,9,8,8
5196072,20201200000000,2020-12-16,6432254,Jack,16/5/2013,f,Bellevue Hill,Woollahra,Entire apartment,Entire home/apt,2,111,t,13,118,94,10,10,10,10,9
5288302,20201200000000,2020-12-15,27383589,Cindy,7/2/2015,f,,Mosman,Entire apartment,Entire home/apt,4,200,t,0,3,80,9,7,9,8,8
5698406,20201200000000,2020-12-15,29542210,Katherine And Geoff,17/3/2015,t,,Northern Beaches,Entire guesthouse,Entire home/apt,4,79,t,0,116,97,10,9,10,10,10
6577826,20201200000000,2020-12-15,113874,Bondi Beach Holiday Homes,26/4/2010,f,Bellevue Hill,Waverley,Entire apartment,Entire home/apt,3,216,t,18,40,96,9,10,10,10,9
7974131,20201200000000,2020-12-15,42083609,Rochelle,21/8/2015,f,,Northern Beaches,Entire house,Entire home/apt,6,370,t,0,0,,,,,,
8795052,20201200000000,2020-12-15,8978808,Alex,22/9/2013,f,,Northern Beaches,Entire apartment,Entire home/apt,3,115,t,0,0,,,,,,
9203849,20201200000000,2020-12-16,26515550,Charlotte,22/1/2015,f,Erskineville,Sydney,Private room in house,Private room,2,80,t,0,2,100,9,10,9,10,9
9534665,20201200000000,2020-12-15,31775336,Charley,23/4/2015,f,,Randwick,Entire apartment,Entire home/apt,2,99,t,0,6,93,9,9,8,9,10
9577746,20201200000000,2020-12-15,49579691,Jenny,21/11/2015,f,,Northern Beaches,Entire apartment,Entire home/apt,2,140,t,0,1,100,10,10,10,10,10
9701283,20201200000000,2020-12-15,23363296,Daniel,5/11/2014,f,Maroubra,Randwick,Entire house,Entire home/apt,6,400,t,0,1,80,10,10,10,8,8
12367963,20201200000000,2020-12-16,58789459,Maria Jose,14/2/2016,f,Bondi Beach,Waverley,Entire apartment,Entire home/apt,4,140,t,0,1,100,10,10,10,10,10
12890055,20201200000000,2020-12-15,17220681,Robyn,24/6/2014,f,Erskineville,Sydney,Entire apartment,Entire home/apt,3,100,t,0,1,80,10,4,10,8,10
13067795,20201200000000,2020-12-16,8378599,Julie,25/8/2013,t,,Waverley,Private room in house,Private room,2,95,t,14,65,99,10,10,10,10,10
13100498,20201200000000,2020-12-15,1266253,Alessandro,9/10/2011,f,Surry Hills,Sydney,Private room in townhouse,Private room,2,70,t,0,174,96,10,9,10,10,9
13964818,20201200000000,2020-12-15,83227961,Marianna,12/7/2016,f,,Randwick,Private room in house,Private room,2,60,t,0,0,,,,,,
15200138,20201200000000,2020-12-15,18949948,Dei,26/7/2014,f,,Randwick,Entire apartment,Entire home/apt,2,150,t,0,3,100,10,10,10,10,10
16127689,20201200000000,2020-12-16,70570922,Inna,5/5/2016,f,Haymarket,Sydney,Entire apartment,Entire home/apt,6,136,t,22,2,100,10,10,10,10,9
16354521,20201200000000,2020-12-15,12658677,Kim,28/2/2014,t,Bondi Beach,Waverley,Entire apartment,Entire home/apt,4,127,t,3,151,94,9,9,10,10,9
16384970,20201200000000,2020-12-15,107331242,Ettienne,15/12/2016,f,,Waverley,Entire apartment,Entire home/apt,4,199,t,0,3,93,10,10,10,9,9
17272357,20201200000000,2020-12-15,45951337,Christina,6/10/2015,f,Redfern,Sydney,Entire apartment,Entire home/apt,2,90,t,0,2,100,10,10,10,10,9
17347940,20201200000000,2020-12-15,3882146,Suzanna,15/10/2012,f,Millers Point,Sydney,Entire house,Entire home/apt,9,255,t,0,173,96,10,9,10,10,9
17966690,20201200000000,2020-12-15,123382716,Matthew,30/3/2017,f,,Northern Beaches,Entire apartment,Entire home/apt,3,92,t,0,3,100,10,10,10,10,8
18063010,20201200000000,2020-12-15,61148901,Peter,1/3/2016,f,Manly,Northern Beaches,Shared room in hostel,Shared room,2,56,t,29,4,85,9,7,10,9,8
18083735,20201200000000,2020-12-16,26978568,Greg & Maggie,31/1/2015,t,,Willoughby,Entire house,Entire home/apt,2,90,t,2,56,99,10,10,10,10,10
18842013,20201200000000,2020-12-16,121772736,Italo,20/3/2017,f,Bexley,Bayside,Private room in house,Private room,1,33,t,30,39,91,10,8,10,10,9
19812243,20201200000000,2020-12-15,24472170,Giovanna,4/12/2014,f,,Canada Bay,Entire house,Entire home/apt,8,200,t,0,0,,,,,,
20802537,20201200000000,2020-12-15,149150560,Joseph,4/9/2017,f,,Parramatta,Entire apartment,Entire home/apt,2,349,t,0,0,,,,,,
21683759,20201200000000,2020-12-16,9182280,Jo,2/10/2013,t,Darlinghurst,Sydney,Entire apartment,Entire home/apt,2,114,t,0,84,97,10,10,10,10,10
21770256,20201200000000,2020-12-15,141809536,Andras,22/7/2017,f,Bondi,Waverley,Private room in condominium,Private room,2,60,t,0,4,100,10,10,10,10,9
21791080,20201200000000,2020-12-16,113498113,Romy,27/1/2017,f,,Randwick,Private room in house,Private room,1,89,t,30,1,100,8,8,10,10,8
21966718,20201200000000,2020-12-15,65378290,Pal,1/4/2016,f,,Parramatta,Private room in apartment,Private room,3,72,t,30,24,90,9,9,9,9,9
22531360,20201200000000,2020-12-15,65363048,Petra,1/4/2016,f,Balmain,Inner West,Entire apartment,Entire home/apt,3,100,t,0,0,,,,,,
22929555,20201200000000,2020-12-15,119365814,Kristin,5/3/2017,f,Kingsford,Randwick,Private room in condominium,Private room,2,50,t,0,1,,,,,,
23631686,20201200000000,2020-12-15,74076938,Georgina,26/5/2016,f,,Sydney,Private room in apartment,Private room,2,85,t,0,1,,,,,,
23971251,20201200000000,2020-12-16,51465459,Parisa,15/12/2015,f,,Sydney,Private room in condominium,Private room,1,80,t,23,1,,,,,,
24251689,20201200000000,2020-12-16,182847332,Grace,6/4/2018,f,,Northern Beaches,Entire apartment,Entire home/apt,6,346,t,1,22,95,10,10,10,10,10
24320391,20201200000000,2020-12-15,183453286,Sujin,10/4/2018,f,,Cumberland,Private room in apartment,Private room,2,75,t,0,4,85,8,7,9,8,8
24581752,20201200000000,2020-12-16,185754903,Kumar,22/4/2018,f,Lidcombe,Cumberland,Private room in house,Private room,2,42,t,0,25,99,10,10,10,10,10
24997819,20201200000000,2020-12-16,851938,Alex,22/7/2011,f,Neutral Bay,North Sydney,Entire house,Entire home/apt,4,250,t,0,8,98,10,10,10,10,10
25086537,20201200000000,2020-12-16,55023557,Linda,17/1/2016,t,Sans Souci,Bayside,Private room in apartment,Private room,1,55,t,0,22,100,10,10,10,10,10
25402233,20201200000000,2020-12-16,191324045,Alfio & Maria,24/5/2018,f,Annandale,Inner West,Entire guesthouse,Entire home/apt,3,175,t,28,17,93,10,10,10,10,9
26678410,20201200000000,2020-12-15,41895031,Stephanie,19/8/2015,f,Dulwich Hill,Inner West,Entire apartment,Entire home/apt,2,95,t,0,7,100,10,10,9,10,9
26691721,20201200000000,2020-12-15,77013655,Laura,10/6/2016,f,,Sydney,Entire apartment,Entire home/apt,2,90,t,0,4,100,10,10,10,10,10
28676637,20201200000000,2020-12-15,24810054,Dave,14/12/2014,t,Chatswood,Willoughby,Private room in apartment,Private room,2,65,t,0,15,97,10,9,10,10,10
28940286,20201200000000,2020-12-16,17747398,Elise,7/7/2014,f,North Bondi,Waverley,Entire apartment,Entire home/apt,5,300,t,0,7,89,9,9,10,9,9
29269962,20201200000000,2020-12-15,200192,Ron,13/8/2010,f,,Northern Beaches,Private room in house,Private room,2,33,t,0,1,60,8,4,8,10,6
29494980,20201200000000,2020-12-15,222138709,Ankita,23/10/2018,f,,Ryde,Private room in townhouse,Private room,2,300,t,0,0,,,,,,
30073519,20201200000000,2020-12-16,12363831,Simon,18/2/2014,f,Newtown,Sydney,Entire apartment,Entire home/apt,2,139,t,4,6,63,6,7,8,7,7
31125771,20201200000000,2020-12-15,159933426,David,24/11/2017,f,Kingsford,Randwick,Private room in house,Private room,1,40,t,0,1,60,10,6,10,10,8
31728087,20201200000000,2020-12-15,77613539,Melissa,14/6/2016,f,,Northern Beaches,Private room in apartment,Private room,2,61,t,0,2,100,10,8,10,10,8
32770494,20201200000000,2020-12-16,189655119,Took,15/5/2018,t,Avalon Beach,Northern Beaches,Entire guest suite,Entire home/apt,2,192,t,7,64,100,10,10,10,10,10
33019361,20201200000000,2020-12-15,201911585,Marcia,12/7/2018,t,,Northern Beaches,Entire house,Entire home/apt,6,279,t,0,20,98,10,10,10,10,9
34160956,20201200000000,2020-12-15,45374766,Raffaella,29/9/2015,f,Waterloo,Randwick,Private room in apartment,Private room,2,45,t,0,2,100,10,10,10,10,10
34430788,20201200000000,2020-12-15,28296079,Josefina,24/2/2015,f,Manly,Northern Beaches,Entire apartment,Entire home/apt,3,103,t,0,10,98,9,10,10,10,10
34657796,20201200000000,2020-12-15,38289891,Lauren,12/7/2015,f,Beverly Hills,Georges River,Entire guest suite,Entire home/apt,6,105,t,0,23,94,10,9,10,10,9
34912021,20201200000000,2020-12-16,113874,Bondi Beach Holiday Homes,26/4/2010,f,Bellevue Hill,Waverley,Entire house,Entire home/apt,10,850,t,0,0,,,,,,
36010948,20201200000000,2020-12-15,50084928,Ryan,28/11/2015,f,,Northern Beaches,Entire apartment,Entire home/apt,2,120,t,0,3,100,9,10,10,10,9
36090288,20201200000000,2020-12-16,6875353,Nathan,12/6/2013,f,Overseas,Sydney,Private room in townhouse,Private room,3,44,t,4,22,91,9,9,10,9,9
36119003,20201200000000,2020-12-15,20907112,Eleanor,3/9/2014,f,Wollstonecraft,North Sydney,Entire apartment,Entire home/apt,2,105,t,0,3,100,10,10,10,10,10
38909742,20201200000000,2020-12-15,14736554,Robert,26/4/2014,f,Ashfield,Inner West,Room in boutique hotel,Private room,1,75,t,0,1,100,10,10,10,10,10
39044060,20201200000000,2020-12-15,299230678,Katy,1/10/2019,f,Bondi,Waverley,Entire apartment,Entire home/apt,5,164,t,0,1,80,8,8,8,6,6
39092401,20201200000000,2020-12-15,3287648,Chris And Tegan,17/8/2012,f,,Northern Beaches,Entire guest suite,Entire home/apt,2,159,t,0,0,,,,,,
40138801,20201200000000,2020-12-15,25284811,Elizabeth,28/12/2014,t,,Northern Beaches,Entire house,Entire home/apt,4,600,t,3,47,100,10,10,10,10,10
40258253,20201200000000,2020-12-16,52637780,Katie,29/12/2015,f,,Sydney,Entire apartment,Entire home/apt,4,175,t,0,1,100,10,10,10,10,10
40403671,20201200000000,2020-12-16,2586635,Leanne,9/6/2012,t,,Sutherland Shire,Private room in apartment,Private room,2,69,t,13,18,99,10,10,10,10,10
43216177,20201200000000,2020-12-16,160021169,Grant,25/11/2017,f,,Penrith,Private room in apartment,Private room,2,40,t,29,1,100,10,10,10,10,10
43745814,20201200000000,2020-12-16,1428322,Melissa,21/11/2011,f,Newtown,Inner West,Entire guest suite,Entire home/apt,1,122,t,22,1,100,10,10,10,10,10
43773426,20201200000000,2020-12-14,9628472,Moksha,25/10/2013,t,Overseas,Hornsby,Entire house,Entire home/apt,6,410,t,0,0,,,,,,
46950667,20201200000000,2020-12-16,223730845,Elizabeth,1/11/2018,t,,Waverley,Entire apartment,Entire home/apt,2,199,t,26,0,,,,,,
47011108,20201200000000,2020-12-15,42440269,Wila,25/8/2015,f,Annandale,Inner West,Entire apartment,Entire home/apt,2,80,t,29,0,,,,,,
